Model,ROC-AUC,F1-Score,Precision,Recall,Interpretable
TabPFN,0.8141666666666667,0.5769230769230769,0.6818181818181818,0.5,Limitada
XGBoost (Optuna),0.8058333333333333,0.6575342465753424,0.5581395348837209,0.8,Sim (SHAP)
