Model,ROC-AUC (Test),F1-Score (Test),Best CV Score
Logistic Regression (Baseline),0.8058333333333333,0.6575342465753424,0.7879285714285713
XGBoost (Optuna),0.7825000000000001,0.60431654676259,0.7953869047619048
LightGBM (Optuna),0.7567857142857144,0.5547445255474452,0.7880952380952382
